ID;severidade;bloco;linha_planilha;campo;valor_na_planilha;valor_no_artigo;evidencia;explicacao;confianca_auditor;aceito_IVS;obs_IVS
AA_36;alta;F_desempenho;;AUC_raw / AUC (campo igual em todas as linhas 126-131);NR;"Severely Stunting AUC = 0.58; Stunting AUC = 0.55; Normal AUC = 0.58 (one-vs-rest, 3 classes)";Fig. 4 'ROC Curve', p.6 — legenda do grafico traz os tres valores numericos de AUC. O texto da secao G (p.6) diz apenas 'AUC values are nearly 0.5', mas os numeros exatos estao na figura. A propria secao II.D (p.3) declara: 'The AUC ... was acknowledged as the primary performance metric'.;"O artigo REPORTA AUC numericamente na figura; a planilha marca NR e a nota da linha 126 afirma que a Fig. 4 traz AUC 'apenas qualitativamente', o que nao se sustenta.";alta;;
AA_44;alta;derivado_pelo_notebook;todas (144-147);classificacao_finalidade / rotulo_proposto;predicao prospectiva;"classificacao diagnostica (nowcasting), com componente misto de historico previo; sem horizonte temporal declarado";Materials and methods - Feature selection, p.5: 'For obesity incidence prediction, only temporal condition patterns from the pre-index and index visits were considered in this model.' | Machine learning analysis, p.7: 'We trained four machine learning models ... to classify cases and controls as obesity positive or negative.' | Discussion - Key findings, p.11: 'four supervised machine learning algorithms were trained to identify pediatric patients ... as obese or not obese.' | Study population, p.5: caso = 'a non-obese BMI measurement in the pre-index visit, and an obese BMI measurement in the index visit'.;O desfecho e aferido na visita indice e parte dos preditores (todos os padroes com prefixo '2-', mais idade/Medicaid/raca) e medida NA MESMA visita indice, o que descaracteriza predicao prospectiva.;alta;;
AA_02;media;A_identificacao;;N (sample)_raw;8564.0;8906 (dataset original) / 8564 (amostra analitica);"Methods, Data source, p.3 - 'The original dataset for children under five years of age had 8906 data points'; Results, Sample characteristics, p.6 - 'A total of 8564 children under five years of age were included in the analysis'";"A planilha repetiu 8564 em N (sample) e em N (analysis), apagando a distincao entre N total e N apos exclusoes; o 8906 so aparece no campo Inclusion/Exclusion, o que atenua o erro.";alta;;
AA_10;media;F_desempenho;;Metrics Source (todas as 4 linhas);Results text + Fig. 2/Fig. 3, test set;"Todos os valores extraidos vem SO do texto de Results; a Fig. 3 ('Test Accuracy') mostra barras de ~0,73 (LR), ~0,825 (RF), ~0,825 (SVM Using GSCV), ~0,805 (SVM) e ~0,73 (KNN), que contradizem 91.10, 84.40, 77.612 e 71.10 do texto";Results, p.3 (valores numericos) vs Fig. 3, p.3 (alturas das barras, eixo y 0.0-0.8, ordem LR, RF, SVM Using GSCV, SVM, KNN);Citar Fig. 2/Fig. 3 como fonte dos valores nao se sustenta: as figuras nao trazem rotulos numericos e a Fig. 3 discorda do texto para os quatro algoritmos.;alta;;
AA_13;media;E_validacao;69;Validation Type;holdout test;O artigo faz split 80/20 (3200/800), mas as metricas que a planilha extraiu (Tabela 7) NAO sao as do holdout de 800;"Fig. 6, p.9 do PDF (p.2183) - classification report do CatBoost com support 800 (= conjunto de teste) da accuracy 0.96 e macro/weighted avg 0.96/0.96/0.96, enquanto a Tabela 7 (mesma p.9) da 0.94850 para o mesmo modelo. Confirmacao aritmetica: as 5 accuracies da Tabela 7 (0.94850/0.94625/0.94375/0.93800/0.93650) so sao contagens inteiras com denominador 4000 (3794/3785/3775/3752/3746); com n=800 apenas 2 das 5 fecham em inteiro, e com n=160 e n=3200 nenhuma serie fecha.";As metricas extraidas vem do benchmark sobre as 4.000 linhas (amostra completa ou CV agrupada), nao do conjunto de teste de 800 que a planilha assume.;alta;;
AA_13;media;F_desempenho;69;Recall (Sensitivity)_raw / Precision_raw;Recall 0.94850 e Precision 0.94996 (idem linhas 70-73), rotulados como sensibilidade e precisao;"Sao medias ponderadas multiclasse sobre 4 classes, nao sensibilidade/VPP da classe stunting; a recall por classe esta na Fig. 6 (0.90 / 0.96 / 0.98 / 0.98)";"Table 7, p.9 - Recall == Accuracy digito a digito nas 5 linhas (0.94850=0.94850, 0.94625=0.94625, 0.94375=0.94375, 0.93800=0.93800, 0.93650=0.93650), assinatura de recall ponderada multiclasse; Fig. 6, p.9 traz precision/recall/f1 por classe com supports 194/184/209/213";Se a revisao agrupar esses valores como sensibilidade do desfecho stunting, estara agrupando acuracia global sob outro nome.;alta;;
AA_13;media;F_desempenho;70;Metrics Source;"Table 7 (benchmarking); holdout test set 800 samples (assumed, set not explicitly labeled)";"Tabela 7 = benchmark; o artigo nunca rotula o conjunto, e a evidencia interna contradiz o holdout de 800 (denominador 4000)";"Fig. 6 vs Table 7, p.9 do PDF (p.2183); ver aritmetica na divergencia anterior";A suposicao 'holdout test set 800' esta errada e se repete identica nas linhas 71, 72 e 73 (a linha 69 e mais honesta: diz que o conjunto nao esta rotulado).;alta;;
AA_16;media;A_identificacao;;N (sample)_raw;20803;"21 304 (amostra inicial); 20 803 e a amostra analitica apos exclusoes";Methods, p.3 - 'from the initial sample of 21 304 children, we excluded 501 due to missing data, resulting in a 2.4% reduction in sample size... (n = 20 803)';"N amostral e N analitico foram preenchidos com o mesmo numero; o N total antes das exclusoes e 21 304 (o proprio campo Inclusion/Exclusion da planilha registra 21 304 corretamente).";alta;;
AA_19;media;F_desempenho;86;Accuracy_raw;91% (overall multiclass, without SMOTE);"91% e o cenario SEM reamostragem (Table XVI); os cenarios com reamostragem dao 88% (SMOTE), 87% (SMOTE-ENN) e 88% (SMOTE-Tomek)";Table XVI, p.8 — 'Voting without SMOTE 91% / 72%';"Valor correto, mas o cenario e inconsistente com as linhas 80-85, que usam cenarios COM oversampling; as linhas 86-87 pegam o cenario sem oversampling, o que quebra a comparabilidade entre linhas do mesmo estudo (o campo esta rotulado, mas o numero principal muda de cenario).";alta;;
AA_19;media;F_desempenho;87;Accuracy_raw;91% (overall multiclass, without SMOTE);91% e o cenario SEM reamostragem (Table XVI);Table XVI, p.8;Mesma inconsistencia de cenario da linha 86.;alta;;
AA_23;media;G_eventos;;N Events_raw / N Events;15870 (short 13.585 + very short 2.285);"pela definicao do proprio artigo, positivo para stunting = apenas 'very short' = 2.285 no conjunto de teste (22.816 no conjunto balanceado); 'short' e explicitamente descrito como nao positivo";"p.4, III.B Preprocessing: 'the very short value means positive stunting, while the short value rarely means positive stunting but indicates that the child is close to stunting, and the normal value means negative stunting'; totais por classe real em Table I, p.5 (normal 14.899, short 13.585, very short 2.285)";A planilha soma short + very short como eventos, o que contraria a definicao do artigo e a propria 'Outcome Definition' da planilha, que marca so Z<-2 (very short) como positive stunting.;alta;;
AA_24;media;C_preditores;91;3 Most Important Features;"birth weight (normal, birth_weight_3); region 11 (Laayoune-Sakia El Hamra); region 5 (Beni Mellal-Khenifra)";"birth_weight_3 (OR 1.75); birth_weight_4 (OR 1.70); birth_weight_2 (OR 1.65)";"Results IV.B.1, p.4-5 — 'children with normal birth weight (birth_weight_3) are 1.75 times more likely... Those with elevated birth weight (birth_weight_4) have a 1.70 times greater chance, and children with normal birth weight (birth_weight_2) are 1.65 times more prone'; region_11 (1.50) e region_5 (1.45) aparecem so em 4o e 5o lugar. Fig. 1, p.5 (barras em ordem decrescente de OR).";"A planilha pulou o 2o e o 3o colocados do ranking do artigo (as outras duas categorias de birth weight) e trouxe o 4o e o 5o; vale para as 10 linhas de overweight (91-100).";alta;;
AA_24;media;F_desempenho;91;Metrics Source;Table I / Table II, test set (30% holdout);NR — o artigo nao declara a procedencia das metricas das Tabelas I e II;"Methods III.A, p.2 — 'the training dataset, making up 70% of the data, was used to train the models, identify the best ones, and evaluate their effectiveness'; Methods III.F.1, p.3 — 'In this study, we combined the top accuracy results from various machine learning algorithms that used k-fold techniques and feature selection'.";"A atribuicao ao conjunto de teste e inferencia: o proprio artigo atribui 'evaluate their effectiveness' ao conjunto de TREINO e diz que a acuracia combina resultados de k-fold com selecao de variaveis; aplica-se as 20 linhas (91-110).";alta;;
AA_26;media;A_identificacao;111-113 (campo igual em todas as linhas);Age (months);NR (... o boxplot de Age na Fig. 2 tem eixo que vai de 0 a ~360 com unidade nao declarada, incompativel com 0-60 meses);NR quanto a faixa etaria em meses (o texto so diz 'toddlers' / 'children under the age of five'). Mas o eixo Y do painel 'Distribution of Age' da Fig. 2 NAO vai de 0 a ~360: os ticks sao 0/250/500/750/1000/1250/1500/1750 (os digitos iniciais estao cortados na figura publicada), com bigode inferior em 0 e bigode superior em ~1800. Os mesmos ticks aparecem integros e legiveis no painel 'Distribution of Age' da Fig. 5. Lido como DIAS, 0-~1800 dias = 0-~59 meses, ou seja, COMPATIVEL com criancas menores de 5 anos.;"Fig. 2, painel 'Distribution of Age', p.3 (imagem embutida xref 21 ampliada); ticks identicos e legiveis em Fig. 5, painel 'Distribution of Age', p.4; texto p.1 'children under the age of five'";O valor do campo (NR) esta correto, mas a justificativa anexada le o eixo errado e conclui uma incompatibilidade com a janela 0-60 meses que a figura nao sustenta.;alta;;
AA_36;media;F_desempenho;;Precision_raw / Recall (Sensitivity)_raw / F1-Score_raw — interpretacao (todas as linhas 126-131);valores lidos como metricas da classe positiva (stunting);metricas de tarefa multiclasse de 3 classes, quase certamente media entre classes (macro), nao sensibilidade para stunting;"Tabelas III e IV, p.5 (uma unica coluna de Precision/Recall/F1, sem indicar classe nem tipo de media); Secao III.F 'Confusion Matrix Result', p.5 — 'Severely Stunting' com 26 acertos e 'Stunting' com 5 acertos; Fig. 1, p.4 — Normal 79,11%, igual a accuracy de 0,79.";Recall 0,34 nao e a sensibilidade para stunting: a matriz de confusao mostra 5 acertos na classe Stunting, logo o valor e media entre as tres classes e a planilha nao carrega essa ressalva.;alta;;
AA_36;media;A_identificacao;;N (sample)_raw / N (analysis)_raw (justificativa);"86.365, com nota '86,365 (Results; abstract diz 86,364 - ignorado por regra)'";86.364 em Methods II.A, p.2 e 86.365 em Results III.A, p.4 (o corpo do artigo traz OS DOIS numeros);"Methods, Secao II.A 'Dataset Description', p.2 — 'The data consists of 86,364 children aged 0-59 months'; Results, Secao III.A 'Data Description', p.4 — 'consists of 86,365 observations'.";"A nota atribui 86.364 ao abstract e o descarta pela regra, mas 86.364 tambem esta no corpo (Methods, p.2); a inconsistencia e Methods x Results, nao abstract x corpo.";alta;;
AA_36;media;A_identificacao;;Data Collection Period (e o ano dentro de Dataset Name);2023 / 'Indonesian Health Survey 2023 (SKI 2023)';NR no corpo — o ano da pesquisa so aparece no abstract;"Methods II.A, p.2 — 'primary data obtained from a health survey conducted by the Indonesian Ministry of Health' (sem ano); Methods II.B, p.2 — 'data is collected from the Indonesian Health Survey obtained from the Indonesian Ministry of Health' (sem ano). O '2023 Indonesian Health Survey' aparece apenas no Abstract, p.1. A referencia [2] (p.6) e 'Survei Kesehatan Indonesia (SKI) 2023', mas e citada na Introducao para a definicao de stunting, nao como fonte do banco.";"Pela regra fixa da revisao (abstract nao vale como fonte), o periodo de coleta deveria ser NR; o corpo nunca informa o ano do inquerito.";alta;;
AA_37;media;F_desempenho;132;F1-Score_raw;86.14%;"86.14% na Table IV, mas e a MACRO-media das duas classes; o F1 da classe positiva (stunting) derivado da Table I e 73.77%";Table IV, p.4 (KNN F1-score 86.14%) confrontada com Table I, p.4 (TN=1060, FP=24, FN=8, TP=45): F1+ = 73.77%, F1- = 98.51%, macro = 86.14% (bate na segunda casa);"O numero foi copiado corretamente da tabela, mas o artigo rotula como 'F1-score' uma macro-media que inclui a classe negativa trivial; lido como F1 do desfecho, superestima em ~12 pontos.";alta;;
AA_37;media;F_desempenho;133;F1-Score_raw;95.05%;"95.05% na Table IV, mas e a MACRO-media; o F1 da classe positiva (stunting) derivado da Table II e 90.57%";Table IV, p.4 (RF F1-score 95.05%) confrontada com Table II, p.4 (TN=1079, FP=5, FN=5, TP=48): F1+ = 90.57%, F1- = 99.54%, macro = 95.05%;Mesmo problema da linha 132: valor fiel a tabela, mas semanticamente e macro-F1 e nao F1 da classe stunting.;alta;;
AA_37;media;F_desempenho;134;F1-Score_raw;95.42%;"95.42% na Table IV, mas e a MACRO-media; o F1 da classe positiva (stunting) derivado da Table III e 91.26%";Table IV, p.4 (Stacked RFKNN F1-score 95.42%) confrontada com Table III, p.4 (TN=1081, FP=3, FN=6, TP=47): F1+ = 91.26%, F1- = 99.59%, macro = 95.42%;"Mesmo problema; a coerencia exata das tres macro-medias confirma que a Table IV inteira usa macro-average.";alta;;
AA_40;media;E_validacao;140;Validation Type;"k-fold CV (also mentions 70/30 holdout; reporting set not clearly stated)";"Metodos declaram divisao 70% treino / 30% teste; 'cross-validation' e citada sem numero de folds; as matrizes de confusao que sustentam as metricas somam N=3000 (base inteira), nao 900 (30%)";"Methods II.A, p.2 ('two classification models were applied using cross-validation'); III.B, p.4 ('the dataset is divided into 70% training data and 30% test data'); Table II, p.4 (2923+15+2+60=3000); Table III, p.4 (2937+1+0+62=3000); Conclusion, p.5 ('very small variation across folds')";As metricas quase perfeitas NAO vem de um conjunto de teste independente: as duas matrizes de confusao cobrem os 3000 registros, ou seja, o desempenho reportado inclui os dados de treino.;alta;;
AA_40;media;F_desempenho;140;Recall (Sensitivity);0.9998 (raw '99.98% (macro)');"99,98% e media macro dos dois recalls; a sensibilidade da classe positiva (stunting) derivada da Table III seria 62/62 = 1,000 e o recall da classe negativa 2937/2938 = 0,9997. O artigo nao reporta recall por classe.";"Results III.E, p.4 ('recall (Macro) of 99.98%'); Table III, p.4";"O campo normalizado guarda media macro numa coluna rotulada como sensibilidade da classe positiva; o raw sinaliza '(macro)', mas o valor normalizado nao e comparavel a sensibilidades de outros estudos.";alta;;
AA_40;media;F_desempenho;141;Precision / Recall (Sensitivity);"Precision 0.907 (90.75% macro); Recall 0.981 (98.08% macro)";Sao medias macro. Para a classe positiva (stunting), a Table II da precisao = 60/75 = 0,800 e recall = 60/62 = 0,968. O artigo nao reporta metricas por classe.;"Results III.E, p.4 ('precision (Macro) value of 90.75% and recall (Macro) of 98.08%'); Table II, p.4 (TN=2923, FP=15, FN=2, TP=60)";"A diferenca macro vs classe positiva e grande no KNN (0,907 vs 0,800 de precisao); usar o valor macro como precisao do desfecho superestima o desempenho na classe de interesse.";alta;;
AA_44;media;derivado_pelo_notebook;todas (144-147);antropometria_preditores;True;False - nenhum preditor antropometrico entre os 74 candidatos;Feature selection, p.5-7: 70 padroes temporais de condicoes codificados em EDC (binarios presenca/ausencia) + 4 demograficas (sexo ao nascer, raca, Medicaid/CHIP, faixa etaria na visita indice). Table 3, p.10, lista os 10 preditores mais importantes de cada algoritmo: todos sao codigos EDC ou variaveis demograficas (race_2, race_3, medicaid).;"Peso/IMC/z-score sao usados apenas para DEFINIR caso e controle, nunca como preditor; a circularidade real deste estudo e temporal (diagnosticos da visita indice), nao antropometrica.";alta;;
AA_54;media;F_desempenho;180;Recall (Sensitivity)_raw;0.847;0.847 no rotulo 'Sensitivity' da Table 4, mas 0.750 pela matriz de confusao (Table 5);"Table 4, p.8 - linha 'Sensitivity', coluna kNN = 0.847 (identica a 'Accuracy' = 0.847); Table 5, p.8 - TP=1352, FN=451, total observado stunting = 1803 -> 1352/1803 = 0.750";"A transcricao e FIEL a Table 4, mas o numero rotulado 'Sensitivity' pelo artigo e igual a acuracia em todos os 5 algoritmos e nao e a sensibilidade da classe positiva (que a Table 5 mostra ser 0.750 no kNN) - trata-se, na origem, de media ponderada entre classes do Orange, nao de recall do desfecho; o erro e do artigo e foi herdado pela planilha.";alta;;
AA_56;media;C_preditores;199-210 (campo constante em todas as 12 linhas);3 Most Important Features;"consanguineous marriage; household wealth; maternal education";NR;"Discussion p.12 ('RF's ability to produce feature importance scores adds value for public health planning') e p.14 ('RF enables the extraction of feature importance scores') sao as UNICAS mencoes a importancia de variaveis; nao ha tabela, figura nem lista ordenada de importance scores em nenhum ponto do artigo. Os tres nomes reproduzem uma frase narrativa da Conclusao (p.15): 'Key risk factors identified include consanguineous marriages, low household wealth, limited maternal education, and residence in rural areas or underdeveloped regions such as Sindh and Balochistan.'";"O artigo nao reporta ranking de importancia de nenhum modelo; a lista extraida vem de uma enumeracao narrativa de fatores de risco da regressao logistica (selecao pre-modelagem, sem ordem), o que pela regra da revisao nao e ranking, entao o valor correto e NR.";alta;;
AA_57;media;E_validacao;;Validation Type;"Holdout test set (20%, stratified); 10-fold CV used in hyperparameter tuning only";Holdout 20% estratificado pos-SMOTE (declarado como fonte de accuracy/precision/recall/F1) + linha 'Cross validation' reportada por modelo na Tabela 3 (RF 99.998%, AdaBoost 99.900%, XGBoost 98.410%, CatBoost 97.200%), com procedencia nao especificada pelo artigo;"Table 3, p.6 (linha 'Cross validation'); Methods p.5 ('RandomizedSearchCV with 10-fold cross-validation'; 'All reported metrics (accuracy, precision, recall, f1-score.) are based on the testing set')";"O 'only' afirma que nao ha resultado de CV reportado, mas a Tabela 3 traz uma linha de cross validation por modelo (que a propria planilha copiou em 'Other Metrics'); o vinculo dessa linha com o tuning e inferencia, nao texto do artigo.";alta;;
AA_57;media;G_eventos;;N Events;NR;7.286 (3.415 severos + 3.871 moderados) em 18.451, isto e, 39,5%;Methods, 'Class imbalance handling', p.4 - 'Before applying SMOTE, the class distribution 3415(18.5%), 3871(21%), and 11,165(60.5%) severe stunting, moderate stunting, and normal respectively.';"O artigo reporta as contagens por classe, entao 'N Events' nao pode ser NR; o proprio campo 'N Events_raw' da planilha ja traz 7286 - inconsistencia interna da planilha, nao do artigo.";alta;;
AA_58;media;F_desempenho;215;Metrics Source;"Figuras 2-3 + Results text; test set";"Figura 2 (p.8) e uma curva por epoca de TREINO e VALIDACAO, nao um resultado de teste; nenhuma acuracia de conjunto de teste e reportada no corpo";"Fig. 2, p.8 — titulo interno do grafico 'Model training and validation performance over Epochs', legenda 'Training Loss / Training Accuracy / Validation Loss / Validation Accuracy'; a curva de Training Accuracy chega a ~0,72 e a de Validation Accuracy fica em ~0,70-0,71. Results p.8: 'starting with an accuracy of 72% as shown in Figure 2'. A frase 'An overall accuracy of 72.0% on the test set' aparece SOMENTE no abstract (p.1).";"O valor 72% esta certo, mas a atribuicao ao conjunto de teste vem do abstract; a unica figura citada pelo corpo mostra treino/validacao e o pico de 0,72 corresponde a acuracia de TREINO.";alta;;
AA_58;media;C_preditores;215;Candidate Predictors (n);19;19 variaveis na Table 1, mas 23 inputs declarados no modelo e 24 features nomeadas na figura de importancia;"Table 1, p.5 (19 variaveis); Methods p.6 'The ANN was built using 23 inputs to predict stunting in Rwanda'; Methods p.7 Step 6 'The number of neurons in the input layer is equal to the 23 of input features'; Fig. 4, p.9 lista 24 rotulos de feature.";O n de preditores candidatos efetivamente levados ao modelo (23/24) e maior que as 19 variaveis documentadas na Table 1.;alta;;
AA_58;media;C_preditores;215;Predictor Notes;o ANN usou 23 input features apos dummy encoding das categorias;as 23/24 entradas sao VARIAVEIS DISTINTAS, nao dummies das 19 da Table 1: a Fig. 4 mostra 5 features que nao existem na Table 1 (Mothers_BMI, Television, radio, births_last5yrs, intestinal parasite) alem das 19 documentadas;Fig. 4, p.9 — eixo Y (de cima para baixo): mother_height, Child_size, Sex, Television, toilet, mother_educ, reading, Mothers_BMI, Residence, place_delivery, radio, mother_age, births_last5yrs, water, antenatal, breaststart, m_anemia, Province, Marital_stat, diarrhea, baby_age, intestinal parasite, Altitudes, birthweight. Comparar com Table 1, p.5.;"A explicacao 'dummy encoding' e uma inferencia da extracao contradita pela Fig. 4; alem disso, dummificar 19 variaveis (varias com 3 a 6 categorias) nunca daria 23 colunas.";alta;;
AA_59;media;derivado_pelo_notebook;n/a (rotulos derivados);antropometria_top3 / antropometria_preditores;"stunting False/False; underweight False/True; wasting True/True";"correto seria False para 'antropometria DA CRIANCA' nos tres desfechos; e True nos tres se o criterio incluir antropometria DOS PAIS, porque o preditor 'BMI' e o IMC DA MAE e entra nos tres conjuntos selecionados pelo Boruta e nas tres listas SHAP";"Table 1, p.5 ('BMI - Body mass index - Underweight, Normal, Overweight, Obese', na mesma tabela em que 'Age - Age of the respondents - 15-19 ... 45-49'); Results 3.1, p.11 - 'Underweighted mothers found the greater percentage of stunting (41.8%), wasting (13.7%), and underweight (33.2%)'; Discussion, p.15 - 'Mothers who are underweight face a much greater risk of stunting and wasting... Children of mothers with normal or above BMI have a lower risk of being underweight'; Results 3.2, p.11 e 3.4, p.13 (BMI nas tres listas)";Os flags confundem IMC MATERNO com antropometria da crianca e, alem disso, sao inconsistentes entre si (BMI aparece nas tres listas SHAP, mas stunting foi marcado False e underweight True).;alta;;
AA_61;media;derivado_pelo_notebook;232;antropometria_top3;True;False, se o criterio for antropometria da CRIANCA / do proprio desfecho;Fig. 1, p.6 (ranking: Mother height <160 cm, Mother height >=160 cm, Baby age <6 mo, Television no/yes) e Table 1, p.3 (Mother_height = 'Respondent's height in centimetres');"O unico item antropometrico do top-3 e a altura da MAE (antropometria parental); altura/HAZ da propria crianca nao esta entre os preditores, logo nao ha circularidade com o desfecho stunting.";alta;;
AA_63;media;F_desempenho;243;AUC;NR;"AUROC reportada em profusao: Tabela 1 (p.8) 0.81-0.93 no teste interno; Tabela 4 (p.17) teste interno 0.81-0.93, validacao temporal 0.81-0.92, validacao geografica 0.77-0.90";Table 1, p.8 e Table 4, p.17;"O campo normalizado AUC diz 'NR' (nao reportado) enquanto AUC_raw esta preenchido com 18 valores e o artigo reporta 54 AUROCs; risco de o unico estudo com validacao externa da revisao ser descartado de qualquer sintese quantitativa por leitura literal do campo.";alta;;
AA_63;media;E_validacao;243;Validation Type;"external (geographic, within-network); also holdout test and temporal validation reported";"O artigo NUNCA usa o termo 'external validation'. Diz 'geographic (using data from other sites) validations' (p.6), 'geographical (two different regional sites)' (p.7 e p.14) e rotula as linhas da Tabela 4 apenas como 'Geographic validation' (p.17). Os dois sites sao da propria rede Nemours Children's Health; nao ha coorte, instituicao ou base independente.";"Sec. 3.2, p.6; Sec. 4.1 ultimo paragrafo, p.7; Apendice B, p.14; Table 4, p.17";Ha de fato validacao geografica com numeros proprios (linhas 'Geographic validation' da Tabela 4), mas e within-network e os dois sites nunca sao nomeados nem caracterizados (sem N, sem periodo, sem distribuicao) — o rotulo 'external' e interpretacao do extrator (defensavel por TRIPOD tipo 3), nao termo do artigo.;alta;;
AA_01;baixa;I_obs;5;Notes;also labeled 'Family Boosting' in ROC figure;"nao ha figura de curva ROC no artigo; as unicas 3 figuras sao os graficos de feature importance (Figs. 1-3)";"PDF tem imagens apenas nas p.5 (Fig. 1, determinantes de stunting) e p.6 (Fig. 2 wasting, Fig. 3 underweight); a expressao 'Family Boosting' vem do texto corrido em Results III.B.1, p.4";"O texto do artigo descreve repetidamente 'the ROC curve' mas nenhuma curva ROC e impressa; a nota da planilha atribui a uma figura inexistente.";alta;;
AA_01;baixa;E_validacao;;Metrics Source / Internal Validation (study);Table I, test set (30% holdout) | 'models evaluated on the 30% test set';"Table I nao declara de qual particao vem; Methods II.A afirma as duas coisas";Methods II.A, p.2 — 'We used the testing dataset, comprising the remaining 30% of the data, to validate the predictive models and assess their ability to forecast undernutrition. On the other hand, we trained the models, identified the best ones, and assessed their effectiveness using the greater 70% of the data, known as the training dataset.' Table I, p.4, sem rotulo de particao;A leitura teste e a mais defensavel, mas o artigo se contradiz na mesma passagem e nunca rotula a Table I, entao a planilha afirma como fato algo que o artigo deixa ambiguo.;alta;;
AA_01;baixa;A_identificacao;;Dataset Name;2018 Moroccan National Population and Family Health Survey (ENPSF 2018), Moroccan Ministry of Health;"'the 2018 national population and family health survey ... carried out by the Moroccan Ministry of Health'; nas secoes Results/Discussion o mesmo dado e chamado de '2018 EDHS data'";"Methods II.A, p.2; Results III.B, p.3; Results III.B.1, p.4; Discussion IV, p.6 ('The 2018 EDHS data show that...')";A sigla ENPSF nao aparece no artigo (e inferida do titulo frances da ref. [4]) e a planilha nao registra que o proprio artigo rotula a base de forma inconsistente como EDHS.;alta;;
AA_02;baixa;C_preditores;;3 Most Important Features;top-3 do XGBoost replicado nas 21 linhas (inclusive LDA, Logistic, SVM, RF, LASSO, Ridge);ranking de importancia reportado apenas para o modelo XGBoost;"Results, 'The important determinants of childhood undernutrition indicators', p.8 - 'the XGBoost model was the best ... The top 20 most important variables that contributed to the model's accuracy are presented in Figs 4-6'; Fig 4 p.12, Figs 5-6 p.13 (titulos: 'XGBoost Feature Importance for ...')";"Os valores do top-3 estao corretos, mas sao especificos do XGBoost; atribui-los as linhas dos outros seis algoritmos sugere um ranking que o artigo nao reporta para eles. Afeta as linhas 18-23, 25-30 e 32-37.";alta;;
AA_03;baixa;A_identificacao;;Dataset Name;Bojongsoang Health Center stunting dataset (Bandung, Indonesia);Bojongsoang Health Center / Bojongsoang Community Health Center (cidade nao informada);Methods II.A e II.B, p.2 — 'data on toddlers will be collected from the Bojongsoang Community Health Center' / 'a stunting dataset ... collected from the Bojongsoang Health Center';"O artigo nunca localiza o posto de saude em Bandung; 'Bandung' so aparece na afiliacao dos autores (Telkom University, p.1), que a regra manda nao usar como origem dos dados.";alta;;
AA_03;baixa;D_modelo;;Hyperparameter Tuning;... Logistic Regression without tuning;NR no corpo (a afirmacao de que LR alcanca boa acuracia 'without extensive hyperparameter tuning efforts' esta so no Abstract, p.1);"Methods II.G.1, p.3 — descricao da LR nao menciona hiperparametros; Abstract, p.1 — unica mencao a ausencia de tuning";"A parte da LR do campo se apoia exclusivamente no abstract, que esta regra exclui como fonte; o corpo apenas silencia sobre tuning da LR.";alta;;
AA_03;baixa;D_modelo;;Imbalance Handling;"Random oversampling and random undersampling (each compared against no resampling); label inversion applied during encoding";oversampling e undersampling, sem especificar a tecnica (o artigo nao diz 'random', nem SMOTE, nem qualquer nome de metodo);"Methods II.D, p.2 — 'either by under sampling, i.e., removing majority class instances, or oversampling, i.e., by adding new minority instances'; Table IV, p.4 — linhas 'None / Undersampling / Oversampling'";"O qualificador 'random' nao esta no artigo; a comparacao contra 'no resampling' e a inversao de rotulos (II.E, p.3) estao corretas.";alta;;
AA_04;baixa;A_identificacao;41;Country/Region;Indonesia;NR (nao declarado);"Methodology III.A, p.2 - 'The dataset we obtained is sourced from kaggle.com and is titled ""Stunting Toddler (Balita) Detection""'; o artigo nao diz de que pais/populacao vem o dataset. Indicios indiretos: rotulos em indonesio na Fig. 3, p.3 ('Tinggi Badan (cm)', 'Umur (bulan)', 'Jenis Kelamin') e afiliacao dos autores (Bina Nusantara, Jakarta, p.1)";"O pais dos DADOS nao e reportado; 'Indonesia' e inferencia a partir do idioma das variaveis e do contexto/afiliacao, nao afirmacao do artigo.";alta;;
AA_04;baixa;A_identificacao;41;Age (months);0-60;"NR no corpo (apenas 'toddlers'/'balita'; Table I, p.2 mostra registros com age = 0 meses)";"Methodology III.A e Table I, p.2 - dataset com 'age (months), gender, height (cm), and nutritional status'; nenhum intervalo etario declarado. A expressao 'children under five years of age' aparece SO no Abstract, p.1 (fonte descartada por regra da revisao)";"A faixa 0-60 meses nao esta reportada no corpo do artigo; e deducao a partir de 'balita/toddler' e do titulo do dataset.";alta;;
AA_05;baixa;A_identificacao;todas (42-50);N (sample)_raw;7079.0;7886 (arquivo kids recode) -> 7079 apos exclusoes;Methods 2.1, p.3 - 'We have used a kid's recode file from BHDS, 2014, comprised of 7886 respondents. A total of 7079 respondents were selected after eliminating 807 missing values for the final analysis.';"A planilha repete 7079 em N (sample) e N (analysis); o N total antes das exclusoes reportado no corpo e 7886, embora o valor correto apareca nos campos Inclusion/Exclusion e Missing Data (n) da mesma linha.";alta;;
AA_05;baixa;C_preditores;todas (42-50);Predictor Notes;"'13 factors stated in Methods; all listed in Table 1.'";"'13 factors' aparece apenas no Abstract; o corpo (Methods 2.3, p.3) nao da numero, apenas remete a Table 1";"Methods 2.3, p.3 - 'Various socio-economic and demographic factors were chosen as explanatory variables based on the literature [11-21]. The brief descriptions of the selected explanatory variables along with their categories were discussed in Table 1.'; Abstract, p.1 - 'The selected dataset consisted of 7079 children with 13 factors.'";"O valor 13 esta correto e e verificavel contando os fatores da Table 1, p.4 (regiao, tipo de local, sexo, idade da crianca, escolaridade materna, escolaridade paterna, idade materna, trabalho materno, ordem de nascimento, gemelaridade, agua de beber, tipo de sanitario, indice de riqueza = 13); apenas a atribuicao da fonte ao Methods esta errada, o numero so existe no abstract.";alta;;
AA_06;baixa;A_identificacao;;Setting;Urban;NR - o artigo nao classifica o cenario como urbano ou rural em nenhum ponto;"Methods, p.2 - 'Only public schools were targeted and about 95% of these fully participated'; Table 1, p.4 - 'schoolchildren from public schools in Florianopolis, Brazil'";'Urban' e inferencia a partir do municipio (Florianopolis), nao um dado reportado pelo artigo.;alta;;
AA_06;baixa;A_identificacao;;Age (months);84-132;84-132 e a leitura nominal de '7 a 11 anos', mas a Table 1 define as faixas etarias como 6,50-7,49 ate 10,50-11,49 anos, ou seja 78-137 meses;Methods/Abstract-titulo, p.2 ('longitudinal population study of 7-11-year-old children') e Table 1, p.4 (Age (years): 7 (6.50-7.49) ... 11 (10.50-11.49));A faixa real da amostra segundo a Table 1 e mais ampla que a conversao nominal 7-11 anos = 84-132 meses.;alta;;
AA_07;baixa;A_identificacao;53;Setting;Mixed;escolar/comunitario unico (creches/jardins de infancia e escolas primarias e ginasiais);"Methods, 'Study design and participants', p.2 — 'children aged 3-14 from 30 kindergartens and 26 schools in Beijing and Tangshan'; wave 1 em 30 jardins de infancia (set-dez/2020), wave 2 em 8 escolas primarias e 18 ginasios do distrito de Pinggu (jan/2022)";"Todo o recrutamento e a afericao ocorreram em jardins de infancia e escolas, sem componente clinico/hospitalar/domiciliar; 'Mixed' so se sustenta se o codebook da revisao usar esse rotulo para 'pre-escola + escola', regra que nao consigo verificar.";alta;;
AA_10;baixa;F_desempenho;65;Accuracy_raw;91.11;"91.10 (acuracia de TESTE do RF); 91.11 e o 'accuracy score' geral";Results, p.3 — 'Train and test accuracy of Rf is 99.40%, 91.10%' vs 'RF approach showed the best result with accuracy of 91.11% with test size of 0.2% and n-estimators = 300';"As linhas 66-68 usam a acuracia de teste explicita; a linha 65 usa o 'accuracy score', gerando fonte inconsistente entre linhas (diferenca de 0,01 pp, sem impacto pratico).";alta;;
AA_10;baixa;A_identificacao;;N (analysis)_raw;"837 (total dataset; split into train/test, test size stated as '0.2%', likely 20%)";"837 = tamanho do dataset bruto (Methods III.A); N analitico apos limpeza = NR";"Methods III.A, p.2 ('The dataset has 837 data together with 12 features') + Methods III.B, p.2 ('all null values and duplicate values had been cleaned by using ... NumPy'; 'they converted our worldwide dataset to only Asia's dataset')";O artigo remove nulos e duplicados e filtra o dataset mundial para a Asia depois de citar os 837, e nunca reporta quantos registros sobraram, entao o N analitico e NR e nao 837.;alta;;
AA_10;baixa;D_modelo;;Hyperparameter Tuning;NR (Random Forest n_estimators=300 reported without any tuning method);Ha evidencia de grid search para o SVM: o eixo x da Fig. 2 e da Fig. 3 traz um modelo rotulado 'SVM Using GSCV' (GridSearchCV);Fig. 2 e Fig. 3, p.3 — eixo x 'ML Model' com as categorias RF, LR, SVM Using GSCV, SVM, KNN;O texto realmente nao descreve tuning, mas o rotulo 'SVM Using GSCV' nas duas figuras indica busca em grade para o SVM, o que torna 'NR' incompleto.;alta;;
AA_10;baixa;E_validacao;;Internal Validation (study);"Single train/test split via 'Train Test Split'; Results state 'test size of 0.2%' (presumably 20%); no cross-validation or bootstrap";"Split unico confirmado (Methods III.C, p.2; Results, p.3), mas o rotulo 'SVM Using GSCV' das Fig. 2/3 implica validacao cruzada interna do GridSearchCV";"Methods III.C, p.2 ('‘Train Test Split’ basically used to split data for training set and test set') e Results, p.3 ('test size of 0.2% and n-estimators = 300'); Fig. 2/Fig. 3, p.3";"A afirmacao categorica 'no cross-validation' conflita com a unica pista de GridSearchCV do artigo; o resto do campo esta correto.";alta;;
AA_13;baixa;F_desempenho;69;AUC_raw;0.996996 (AUC 0.997);0.996996, mas e ROC-AUC multiclasse (4 classes), nao discriminacao binaria stunting vs nao-stunting;"Metodos secao 2.3, p.3 - 'One of the evaluation metrics used is ROC - AUC, which helps in assessing how well the model is able to distinguish between different classes'; Table 7, p.9, coluna ROC-AUC";Valor transcrito corretamente, mas a natureza multiclasse nao esta sinalizada na planilha.;alta;;
AA_13;baixa;G_eventos;69;N Events_raw / Events Denominator;2000 / 4000;NR - o artigo nunca reporta contagem de eventos nem prevalencia da sua amostra;"Secao 3.1, p.5-6 - '500 samples for each category of Nutritional Status were randomly taken from each gender group... This resulted in 4000 rows'; nao ha tabela de contagem de classes";"2000/4000 e derivacao aritmetica do desenho balanceado (correta e documentada em Events Notes, e corroborada pelos supports 184+209 de 800 na Fig. 6), mas nao e valor reportado; a prevalencia de 50% e artefato do subamostragem, nao a prevalencia populacional.";alta;;
AA_19;baixa;D_modelo;83;Best Model?;No;o artigo declara Ada Boost + SMOTE-ENN como um dos dois melhores para AMBAS as classes minoritarias (stunted F1=0.98 e stunting F1=1.00);"Results and Analysis, p.4 — 'SMOTE-ENN using Ada Boost classifier and SMOTE using Bagging classifier achieved the highest F1-value that other presented methods. Specifically, the F1-value for the minority classes (stunted and stunting) is 0.98 and 1.00'; Table X, p.6";"A planilha reparte a declaracao conjunta do artigo (Ada Boost=melhor so para stunted, Bagging=melhor so para stunting), mas o artigo atribui os dois valores 0.98/1.00 aos dois modelos simultaneamente; linha 84 (Bagging/stunted) tem o mesmo problema espelhado.";alta;;
AA_19;baixa;D_modelo;86;Algorithm;Voting (ensemble of RF + Ada Boost + Bagging);Voting — o texto diz que combina os resultados das TRES TECNICAS DE OVERSAMPLING, nao os tres classificadores;"Modeling Phase, p.4 — 'The Voting algorithm is finally implemented in order to combine the different results of the three oversampling techniques'; Fig. 3, p.4 — 'Implement Voting algorithm to broaden results'; Table XVI, p.8 reporta Voting separadamente para cada cenario de oversampling";"O parentese da planilha e uma interpretacao (a unica coerente com a Table XVI, que reporta um Voting por cenario de reamostragem), mas contradiz o que o artigo escreve literalmente; o artigo e autocontraditorio nesse ponto.";alta;;
AA_19;baixa;A_identificacao;;Setting;Not specified;posyandu (postos comunitarios de saude) locais de Yogyakarta;"Data Understanding, p.2 — 'This data collection process was done through collaboration with the local posyandu in which the organization provided key data'; Fig. 3 (flowchart), p.4 — caixa 'Literature review and collecting the data from local posyandu'";"O artigo diz de onde vieram os dados (posto comunitario/posyandu), o que caracteriza setting comunitario; a propria planilha registra isso em 'Source Type', entao 'Not specified' e inconsistente com a extracao dela mesma.";alta;;
AA_19;baixa;A_identificacao;;Age (months);0-60;"NR (nao reportado no texto; Fig. 2.1 mostra eixo 'Age (months)' de 0 a 60 e Fig. 2.4 traz linhas de exemplo com 32 a 58 meses)";"Fig. 2.1 (pair-plot), p.2 e Fig. 2.4, p.2; Introduction p.1 fala em 'children under the age of five' como grupo de risco de stunting em geral, nao como criterio da amostra";"A faixa etaria da amostra nunca e declarada no corpo do artigo; 0-60 e inferido do eixo do pair-plot e do enquadramento sobre menores de cinco anos.";alta;;
AA_22;baixa;A_identificacao;88;Setting;Urban;NR;"Methods III.A, p.3 — 'This research dataset was obtained from several Community Health Centers under the auspices of the Surabaya Health Service, Indonesia'; Conclusion, p.4 — 'Surabaya City Health Service'. Em nenhum ponto o artigo caracteriza o setting como urbano/rural.";'Urban' e inferencia a partir do nome da cidade (Surabaya), nao afirmacao do artigo.;alta;;
AA_22;baixa;A_identificacao;88;Source Type;cross-sectional health service records from Community Health Centers (Puskesmas) under the Surabaya Health Service, Indonesia;'several Community Health Centers under the auspices of the Surabaya Health Service, Indonesia' (Methods III.A, p.3);"Methods III.A, p.3; Acknowledgment, p.4 ('collect stunting data at several Community Health Centers')";"Os termos 'Puskesmas' e 'cross-sectional' nao aparecem no artigo; sao acrescimos do extrator (semanticamente compativeis, mas nao textuais).";alta;;
AA_23;baixa;G_eventos;;Events Denominator;30769 (conjunto de teste, 10%);"o artigo nao reporta numero de eventos em conjunto nenhum; o N analitico declarado nas mesmas linhas e 307.506";"Tables I-II, p.5 (somam 30.769); contagens do conjunto balanceado em p.4 (148.865 / 135.825 / 22.816 = 307.506)";"O denominador de eventos vem do teste enquanto o N (analysis) da mesma linha e o conjunto balanceado inteiro; a proporcao e equivalente (51,6%), mas o par N Events / N analysis fica internamente inconsistente.";alta;;
AA_23;baixa;C_preditores;;Candidate Predictors (n);4;"4 features SELECIONADAS (Age, Weight, Height, Z-Score); o numero de candidatos avaliados nao e reportado";p.3, III.A Exploratory Data Analysis: 'The selected features are: Age (A), Weight (W), Height (H), Z-Score';"4 e o numero de preditores efetivamente usados, nao de candidatos; estritamente o campo seria NR, embora o Predictor Notes da planilha ja registre a ressalva.";alta;;
AA_23;baixa;C_preditores;;Predictor Notes;colunas nao usadas descritas como 'child details, address, measurement location';existe tambem uma coluna 'Nutrition level', convertida de string para inteiro no preprocessamento, que nao aparece na lista de features selecionadas;p.3, III.B Preprocessing: 'Feature class and Nutrition level contain string-type data... the class and Nutrition level columns must be changed into integer-type data for better usage';Ambiguidade nao registrada na extracao: o artigo prepara 'Nutrition level' como se fosse usa-la, mas nao a inclui nas features selecionadas, o que deixa o numero real de preditores em duvida (4 ou 5).;alta;;
AA_24;baixa;C_preditores;92;3 Most Important Features;mesmo trio repetido nas 10 linhas de cada desfecho, inclusive nas linhas de KNN, DT, GB, XGBoost, RF, SVM, NB, ANN e DL;ranking existe apenas para a Logistic Regression;"Fig. 1 e Fig. 2, p.5 — titulo dos dois graficos: 'Feature Importance (Odds Ratios) - Logistic Regression'; texto IV.B.1, p.4: 'Figure 1 shows the feature importance from the logistic regression model'.";"O artigo nao reporta importancia de variaveis para os outros nove algoritmos; nessas linhas o campo deveria ser NR (ou ficar marcado como ranking do modelo LR).";alta;;
AA_24;baixa;C_preditores;;Predictor Selection;NR (Results state accuracy combined 'top accuracy results... that used k-fold techniques and feature selection', ...);a frase esta em Methods III.F.1 (Accuracy), p.3, nao em Results;Methods III.F.1 'Accuracy', p.3.;"Conteudo do campo esta certo (nenhum metodo de selecao e descrito); so a localizacao citada esta trocada.";alta;;
AA_26;baixa;A_identificacao;111-113 (campo igual em todas as linhas);Dataset Name;Bojongsoang Community Health Center toddler dataset (Bandung, Indonesia);"Bojongsoang Community Health Center. O artigo nao situa o centro de saude em Bandung; 'Bandung, Indonesia' aparece apenas na linha de afiliacao dos autores (School of Computing, Telkom University).";"p.1, bloco de afiliacao dos autores; p.3 §III.A 'obtained from the Bojongsoang Community Health Center'";"A cidade foi herdada da afiliacao dos autores, nao da descricao da fonte de dados; o pais (Indonesia) esta correto.";alta;;
AA_28;baixa;F_desempenho;114;F1-Score_raw (definicao da metrica, nao o valor);87.16% (KNN) e 96.68% (RF), registrados como F1-Score do desfecho stunting;"87.16% / 96.68% (Table III, p.4) - mas e F1 MACRO (media das duas classes); o F1 da classe stunting recalculado da Table I (p.4) e 76.39% para o KNN";"Table I, p.4 (TP=55, FN=8, FP=26, TN=804) reproduz exatamente a acuracia da Table III (859/893 = 96.19%); dessa mesma matriz, F1 da classe positiva = 76.39%, F1 da classe negativa = 97.93%, macro = 87.16% (bate digito a digito com a Table III), ponderado = 96.41%";"O valor copiado esta fiel ao que o artigo imprime; o problema e que o artigo rotula como 'F1-score' uma macro-media, entao o campo nao e comparavel com o F1 da classe positiva usado por outros estudos da revisao.";alta;;
AA_35;baixa;A_identificacao;;Dataset Name;Bojongsoang Community Health Center dataset (Bandung, Indonesia);Bojongsoang Community Health Center / Bojongsoang Health Center (cidade nao informada);"Results III.A, p.3 - 'The data used in this research was collected from the Bojongsoang Community Health Center'; Methods II.A, p.1 - 'collecting a dataset from the Bojongsoang Health Center'. 'Bandung' aparece no PDF apenas como cidade da afiliacao dos autores (Telkom University, p.1)";"A localizacao 'Bandung' atribuida ao posto de saude nao esta no artigo; foi inferida da afiliacao dos autores.";alta;;
AA_35;baixa;F_desempenho;;Metrics Source;"Table V (balanced dataset), test set; averaged over 10 iterations";"Tabela V (balanced dataset) confirmada; o artigo diz apenas 'The experiment will be conducted over ten iterations' e nao afirma que os valores sao MEDIA das 10 iteracoes nem que vem da particao de teste";"Results III.F, p.4 - 'The experiment will be conducted over ten iterations. The results for the imbalanced data can be observed in Table IV'; Results III.C, p.4 - 'The dataset is divided into training and testing sets with a ratio of 60:40'";"A identificacao da tabela-fonte esta certa; 'averaged' e 'test set' sao inferencias razoaveis mas nao declaradas pelo artigo.";alta;;
AA_36;baixa;E_validacao;;Validation Type;holdout test;"misto/mal descrito: 'test set' mencionado sem proporcao nem procedimento de split; o unico procedimento nomeado explicitamente e 5-fold CV para o stacking";"Secao II.D 'Performances Metrics', p.3 — 'The model's final performance in the test set was evaluated using the F1 score, accuracy, precision, and recall metrics'; Secao III (hiperparametros), p.5 — 'The stacking model applies 5-fold cross-validation to evaluate the ensemble's performance'. Nenhuma proporcao de split aparece no artigo.";"Rotular todas as 6 linhas como 'holdout test' conflita com a linha 131 (stacking), onde o artigo diz explicitamente que a avaliacao usa 5-fold CV; a nota da linha 131 registra a ambiguidade, mas o campo nao.";alta;;
AA_36;baixa;A_identificacao;;Setting;Not specified;inquerito domiciliar nacional, criancas de varias regioes da Indonesia (populacional/comunitario);"Methods II.A, p.2 — 'The data consists of 86,364 children aged 0-59 months from various regions in Indonesia'; Results III.A, p.4 — 'Data was collected from various regions in Indonesia'; Table I, p.2 — variaveis de domicilio (agua, sanitario, material de parede/telhado, posse do imovel, programas de assistencia).";O artigo nao nomeia um setting clinico, mas o corpo deixa claro tratar-se de inquerito populacional/domiciliar de abrangencia nacional, informacao mais util que 'Not specified'.;alta;;
AA_37;baixa;A_identificacao;;Age (months);0-60;"nao declarado em texto; compativel com o eixo do boxplot Age_at_measurement (0 a 60 meses) da Fig. 3";"Fig. 3, p.3 — boxplot 'Age_at_measurement' com eixo 0-60 e bigodes cobrindo praticamente todo o intervalo; nenhum criterio etario aparece em Methods ou Results";"A faixa nao e reportada como criterio de elegibilidade; foi lida de figura, entao e estimativa e nao valor reportado.";alta;;
AA_37;baixa;C_preditores;;Candidate Predictors (n);27;'This study reduces the original 27 features to 10, including the target feature' — se o alvo esta entre as 27, os candidatos sao no maximo 26;Results/III.B Data Preprocessing, p.3;"Ambiguidade do proprio artigo: 27 e o total de features do arquivo original, provavelmente com o alvo incluido; o campo Predictor Notes da planilha ja registra corretamente os 9 preditores efetivamente usados.";alta;;
AA_39;baixa;A_identificacao;;N (analysis)_raw;"1767 (test set; total dataset 8835, 80/20 split)";"8835 (7068 treino + 1767 teste; nenhuma exclusao descrita)";"Results III.A, p.2 — 'This data is a measurement from 2024 with 8,835 records'; Results III.B, p.4 — split 8:2; Table I, p.4 — total do teste = 1767";"O artigo nao exclui ninguem, entao o N analitico e o dataset inteiro (8835); a planilha registrou o N do conjunto de teste, o que subestima o N analitico ainda que a anotacao explique a origem do numero.";alta;;
AA_40;baixa;G_eventos;140;N Events_raw;62;"O unico enunciado textual de prevalencia diz '28 instances of stunting and 2938 normal cases ... class imbalance of 1: 47' (III.B, p.4); as matrizes de confusao (Tables II e III, p.4) mostram 62 positivos reais em 3000";"III.B, p.4; Table II e Table III, p.4 (linha 'Actual Class / Positive ... Total 62')";"O artigo se contradiz; a planilha escolheu 62 (coerente com a razao 1:47 declarada, 2938/62=47,4) e documentou o conflito em Events Notes, mas o valor 28 aparece explicitamente no corpo do texto.";alta;;
AA_40;baixa;A_identificacao;140;N (analysis)_raw;3000;"3000 e o N bruto; apos remocao de outliers por IQR o artigo enuncia 28 + 2938 = 2966 casos, mas as matrizes de confusao somam 3000. N analitico pos-preprocessamento nao e reportado de forma consistente.";"Introduction, p.1 ('3000 physical measurement records'); III.B, p.4 (IQR outlier removal; '28 instances of stunting and 2938 normal cases'); Tables II-III, p.4 (total 3000)";"O artigo remove outliers mas nunca declara o N resultante; 3000 e defensavel porque e o total das matrizes, porem nao ha N analitico limpo no artigo.";alta;;
AA_41;baixa;A_identificacao;todas (142, 143);Country/Region;Indonesia;NR (o artigo nao declara a procedencia geografica dos registros);"Methodology III.A, p.3 — 'Data can be obtained from the Kaggle website under the dataset named ""Stunting Baby/Toddler Detection"" [21]'; Results IV.A, p.4 — 'The data analyzed in this study is sourced from Kaggle, a public data source.' Nenhuma passagem do corpo do artigo situa geograficamente os dados.";Indonesia e inferencia razoavel (nome do dataset usa 'balita', autores e enquadramento indonesios), mas o artigo nunca afirma que os dados sao indonesios.;alta;;
AA_41;baixa;A_identificacao;todas (142, 143);N (analysis)_raw;"121,000 total; 70/30 train/test split (exact test N not reported)";"N analitico efetivo 120.999; N do teste = 36.299 (logo, treino = 84.700)";"Table I, p.4 — rodape 'ExampleSet (120,999 examples, 1 special attribute, 3 regular attributes)'; Fig. 5, p.5 — linha 'Truth overall' totaliza 36.299.";"O N exato do teste E reportado (Fig. 5), inclusive e o mesmo valor que a propria planilha usa em 'Events Denominator' = 36299; a ressalva 'exact test N not reported' contradiz o proprio campo G.";alta;;
AA_44;baixa;A_identificacao;todas (144-147);N (sample)_raw;9554;"Dataset inicial M = 99.388 pacientes (N = 49.694 pares); 9.686 pacientes (4.843 pares) apos o criterio de IMC; 9.554 apos todas as exclusoes";"Fig 2, p.6 - caixa 'Initial Dataset: M = 99,388 / N = 49,694' e caixa intermediaria 'M = 9,686 / N = 4,843'; Study population, p.5: 'we began with 49,694 pairs of matched cases and controls ... A total of 9,686 patients met the BMI criterion for inclusion.'";N (sample) repete o N analitico e nao registra nenhum N anterior as exclusoes, apesar de o artigo dar os dois numeros.;alta;;
AA_44;baixa;A_identificacao;todas (144-147);Inclusion/Exclusion;Exclusao apenas por falta de informacao de seguro em 2 anos da visita indice (alem dos criterios de IMC);Ha ainda uma exclusao de 9 pares (18 pacientes) por ausencia de Geo ID do endereco, aplicada ANTES da exclusao por seguro;Fig 2, p.6 - caixa 'Patients missing a Geo ID for their address M = 18, N = 9', levando de M = 9.686 para M = 9.668;Etapa de exclusao presente no fluxograma e ausente do texto corrido e da planilha.;alta;;
AA_44;baixa;A_identificacao;todas (144-147);Setting;Urban;"'patients from the Philadelphia metropolitan area' atendidos em visitas de atencao primaria do CHOP; o artigo nunca qualifica o setting como urbano";Materials and methods - Setting, p.4: 'Patients in this study were from a retrospective cohort of newly obese patients from the Philadelphia metropolitan area and matched control patients ...';"Rotulo 'Urban' e inferencia razoavel mas nao declarada; 'metropolitan area' abrange subúrbios.";alta;;
AA_44;baixa;G_eventos;todas (144-147);Missing Data (n);"52 matched pairs (104 patients) excluidos por falta de seguro; 641 (6,7%) com raca/etnia faltante";"132 pacientes (66 pares) perdidos entre o criterio de IMC (9.686) e a base final (9.554): 18 pacientes (9 pares) por Geo ID ausente + 104 pacientes (52 pares) por seguro ausente; 641 (6,7%) com raca/etnia faltante confere";"Fig 2, p.6 (9.686 -> 9.668 -> 9.554); Study population, p.5 (45 controles + 7 casos sem seguro); Table 1, p.7 (Unknown 641 = 6,7%)";"A contagem de missing esta incompleta: omite os 18 pacientes excluidos por Geo ID; os numeros de seguro (52 pares/104 pacientes) e de raca/etnia estao corretos.";alta;;
AA_45;baixa;C_preditores;todas (148-168, campo igual em todas as linhas);Predictor Types;... child (age, sex/birth order, birth size, birth interval, breastfeeding, diarrhea) ...;sexo da crianca nao aparece entre as variaveis independentes;"Table 1, p.7-8 lista exatamente 34 caracteristicas (Division, Residence, Water Source, Toilet facility, Electricity, Radio, Television, Religion, Reading Newspaper, Listening Radio, Wealth index, Contraceptive Use, Desire for more children, Breastfed 1st hour, Unmet family planning, Mother's current work status, Antenatal care, Delivery Place, Size of Child at Birth, Postnatal Care, Has diarrhea, Child Age, Birth Order, Birth Interval, Number of Under-5 children, Mother's Age, Mother's Education, Marital Status, Mother's BMI, Mother's Occupation, Father's Education, Father's Occupation, Family Size, Child Ever Born) e nenhuma e sexo da crianca; sexo tambem nao aparece nas Figs. 5-7 (p.11-12) nem nas listas Boruta (p.10)";A planilha inclui 'sex' entre os tipos de preditor, mas as 34 variaveis candidatas do artigo nao contem sexo da crianca (Table A1 e suplementar e nao esta neste PDF, entao resta uma margem pequena de incerteza).;alta;;
AA_46;baixa;F_desempenho;170;Accuracy_raw (cenario escolhido);63.37 (subconjunto de 5 features via ANOVA/CHI/IG);63.37 esta correto na Table III, mas o cenario 'All Features' do KNN e 60.4;Table III, p.4 (impressa 327) - bloco KNN, linha '5' = 63.37 (Anova/CHI/IG) e linha 'All Features' = 60.4;A regra usada foi 'maior acuracia por classificador', o que faz a linha do KNN vir de um cenario diferente (subconjunto filtrado) do das linhas NB e SVM (todas as features, sem filtro) - heterogeneidade de cenario entre linhas do mesmo estudo, ainda que declarada em Metrics Source.;alta;;
AA_46;baixa;A_identificacao;;Setting;Urban;"NR (nao declarado); inferivel de 'multiple health centers in Surabaya, East Java Indonesia'";"Methods III.A, p.3 (impressa 326) - 'The research dataset was taken from multiple health centers in Surabaya, East Java Indonesia'; Acknowledgment, p.5 (impressa 328) - 'several Surabaya City Health Centers'";"O artigo nunca classifica o cenario como urbano/rural; 'Urban' e inferencia a partir de os centros serem municipais de Surabaya.";alta;;
AA_46;baixa;A_identificacao;;Age (months);0-60;"NR (nao ha intervalo etario reportado); populacao descrita como 'toddlers' / 'children under five'";"Introduction, p.1 (impressa 324) - 'The stunting status of children under five in this study was stunting and normal'; Table I, p.3 (impressa 326) - variavel 4 'AGE, Continuous, Age in months', sem faixa";"0-60 meses e deducao do termo 'balita/under five'; o artigo nao reporta minimo, maximo, media nem desvio da idade.";alta;;
AA_47;baixa;E_validacao;;Validation Type;"NR (no train/test split or CV described; likely apparent)";NR — mas as matrizes de confusao (Fig. 4, p.6) somam 23 criancas (20,2% de 114), o que indica conjunto de avaliacao separado, nao metrica aparente sobre os 114;"Fig. 4(a-d), p.6 — cada painel soma 23 (RF: 9+5+6+3; SA=5: 11+1+7+4; SA=20: 10+2+5+6; SA=50: 12+0+6+5); Table IV, p.6 reproduz exatamente essas matrizes";O rotulo 'NR' esta correto (o artigo nunca descreve o procedimento), mas o parentese 'likely apparent' contradiz a propria observacao do extrator no campo vizinho 'Internal Validation (study)' e a evidencia da Fig. 4.;alta;;
AA_47;baixa;A_identificacao;;Age (months);0-60;"'a total of 114 children under the age of 5' — o artigo so declara o teto de elegibilidade; faixa etaria observada (minimo, media, distribuicao) e NR";Methods III.A 'Source of Data', p.2;"'0-60' e operacionalizacao do criterio de elegibilidade, nao faixa reportada; nao ha estatistica descritiva de idade em nenhum ponto do corpo do artigo.";alta;;
AA_50;baixa;A_identificacao;;Age (months);60-120;"NR como faixa; unicos valores de idade reportados sao 'kindergarten (typically age 5-6 years)' e '4th grade (typically age 9-10 years)' e media de 71,28 meses (DP 5,00) na medicao do jardim de infancia";"Introduction, p.3 ('...BMI information during kindergarten (typically age 5-6 years) on predicting children most likely to be obese by the 4th grade (typically age 9-10 years)'); Table 1, p.14 ('Student age, months 71.28 (5.00)', nota a: 'Age on date of kindergarten BMI measurement')";"O intervalo 60-120 e uma conversao derivada de '5-6 anos' a '9-10 anos'; e consistente com o corpo do artigo, mas nao e uma faixa reportada.";alta;;
AA_50;baixa;A_identificacao;;Setting;Mixed;"O artigo nao usa o termo 'setting'. O programa e escolar/estadual (escolas publicas do Arkansas); a Table 1 reporta 'Urban Census block 0.65 (0.48)', isto e, 65% urbano e 35% rural";"Methods, p.3-4; Table 1, p.14 (linha 'Urban Census blockb 0.65 (0.48)')";"Se 'Setting' codifica urbano/rural, 'Mixed' e sustentado pela Table 1; se codifica local de coleta, seria 'escolar/base populacional' - o campo e ambiguo sem o codebook, nao verificavel como divergencia real.";alta;;
AA_50;baixa;C_preditores;;Predictor Notes;Table 1 lists ~28 measures used as features;"A Table 1 lista 29 linhas de variaveis antes dos dois indicadores de obesidade (28 nao antropometricas + kindergarten BMI z-score); as duas ultimas linhas sao 'Obesity indicator - kindergarten' e 'Obesity indicator - 4th grade' (esta ultima e o desfecho)";Table 1, p.14-15 (contagem das linhas de 'Student age, months' ate 'Kindergarten BMI (z-score)');"Erro de contagem de uma unidade, ja atenuado pelo til ('~28'); o campo 'Candidate Predictors (n)' esta corretamente como NR porque o artigo nunca declara o numero.";alta;;
AA_50;baixa;A_identificacao;;Data Collection Period;"academic years 2003-2004 through 2018-2019 (kindergarten cohorts 2003-2004 to 2014-2015; 4th grade 2007-2008 to 2018-2019); analyzed in 2020";"O periodo (coortes de jardim de infancia 2003-2004 a 2014-2015; 4a serie 2007-2008 a 2018-2019) esta em Methods, p.3 e confere. O trecho 'analyzed in 2020' so aparece no Abstract";"Methods 'Study Population', p.3; 'analyzed in 2020' apenas no Abstract, p.1 (corpo so traz 'R, version 4.0.0' e acessos a pacotes em nov/dez de 2020, Methods p.5)";"Pela regra 2 da auditoria o abstract nao vale como fonte; o dado nao e contraditado pelo corpo, apenas nao e afirmado nele.";alta;;
AA_54;baixa;A_identificacao;180;N (sample)_raw;5,093;5186 (amostra bruta) / 5093 (amostra analitica);"Methods, Statistical analysis, p.3 - 'starting from the IFLS raw data consisting of 54 variables and 5186 observations'; Fig. 1, p.4 - caixa 'Raw dataset 54 variables. 5186 observations' -> 'Outlier Removal include n = 5093 observations exclude n = 93 observations' -> 'Final dataset 23 variables, 5093 observations'";"A planilha repete 5093 tanto em N (sample) quanto em N (analysis); o N bruto antes das exclusoes e 5186, embora o proprio artigo chame 5093 de 'the IFLS dataset' nos Results (p.3) e a extracao registre 5186->5093 no campo Missing Data (n).";alta;;
AA_54;baixa;F_desempenho;180;Precision_raw;NR;0.8038 (PPV = precisao da classe positiva) para o kNN;"Results, p.4 - 'a positive predictive value (PPV) of 80.38% and a negative predictive value (NPV) of 86.78% were obtained'; Table 5, p.8 - TP=1352, FP=330 -> 1352/1682 = 0.8038";"Para a linha do kNN a precisao esta reportada no corpo do artigo sob o rotulo PPV e e reprodutivel pela matriz de confusao; a extracao a guardou apenas no campo livre 'Other Metrics' em vez de Precision_raw (para os outros 4 algoritmos NR esta correto, pois nao ha matriz de confusao nem PPV).";alta;;
AA_55;baixa;A_identificacao;185-198 (todas as 14 linhas);N (analysis)_raw;"5941 (stunting) / 6155 (wasting), descritos como 'aggregated 5-fold validation samples; total dataset 15,638'";"15.638 (amostra analitica); 5.941 e 6.155 sao as contagens agregadas de validacao das 5 folds";Section 2.2, p.3 - 'After preprocessing, the full dataset (15,638 samples) underwent 5-fold cross-validation... The combined validation was set across all five folds yields providing 5941 samples for stunting and 6155 samples for wasting';"O N analitico do estudo e 15.638 (nenhum registro excluido); 5.941/6.155 sao contagens de avaliacao pos-SMOTE, e a propria aritmetica do artigo nao fecha (5 folds x 20% de 15.638 = 15.638), o que a planilha reproduz sem corrigir, embora divulgue os dois numeros no proprio campo.";alta;;
AA_55;baixa;C_preditores;185-198 (todas as 14 linhas);Predictor Types;inclui 'residence' entre os preditores de acesso geografico;as onze covariaveis de treino sao edu, land, Age, hhsize, totalHHincome, dist_urbancentre, dist_dailymrkt, dist_weeklymrkt, HDDS, FCS, MAHFP - residencia urbano/rural e genero do chefe aparecem so na Table 1 (13 variaveis);Section 3.3, p.7 (lista das onze covariaveis) vs Table 1, p.2 (13 variaveis preditoras);"'Residence' nao esta entre as onze covariaveis que o artigo diz ter usado no treino, entao listar residencia em Predictor Types contradiz o proprio 'Candidate Predictors (n) = 11' da mesma linha; a inconsistencia do artigo esta corretamente registrada em Predictor Notes, mas vazou para Predictor Types.";alta;;
AA_56;baixa;C_preditores;199-202 (linhas de stunting);3 Most Important Features;consanguineous marriage (1o lugar) nas linhas de stunting;consanguineous marriage NAO foi significativo para stunting: OR 1.008 (IC95% 0.864-1.175), sem asterisco de significancia;Table 3, p.10 - linha 'Consanguineous marriages / Yes', coluna Stunting;"Alem de nao existir ranking, o primeiro item da lista contradiz o resultado do proprio artigo para o desfecho das linhas 199-202 (a associacao com stunting e nula; a significancia so aparece para wasting e underweight).";alta;;
AA_56;baixa;A_identificacao;199-210 (campo constante em todas as 12 linhas);N (sample)_raw;4,141 (stunting analysis);"NR para o N total do arquivo KR; o artigo so reporta ~16 240 domicilios amostrados com subamostra de 1/3 para criancas, e os N analiticos por desfecho na Table 2 (stunting 4141, wasting 4151, underweight 4265)";"Methods 2.1, p.3 ('Within each cluster, 28 households were systematically sampled, yielding a total of approximately 16 240 households... information on men, children... was collected in a subsample comprising one-third of the households'); Table 2, p.6 (linha N)";O campo repete em todas as linhas o N analitico do stunting como se fosse o N amostral, o que deixa N (sample) = 4.141 MENOR que o N (analysis) das linhas de wasting (4.151) e de underweight (4.265).;alta;;
AA_56;baixa;B_desfecho;199-210 (campo constante em todas as 12 linhas);Outcome Measurement;... WHO child growth standards (WHO 2006) ...;'World Health Organization (WHO) child growth standards', sem indicacao de versao/ano;Methods 2.2.1, p.3 - definicoes de Height-for-Age, Weight-for-Age e Weight-for-Height;"A substancia esta correta (padrao WHO, z < -2 DP para os tres indicadores); o ano '2006' e uma especificacao acrescentada pela extracao, o artigo nao nomeia a versao do padrao.";alta;;
AA_57;baixa;C_preditores;;Predictor Types;child (age, height, weight, size at birth, anemia level, birth order, birth interval, breastfeeding duration), maternal (education, BMI), partner (occupation, education), household/socioeconomic (wealth index, region, religion, place of residence), WASH (water source, toilet facility);As 18 variaveis efetivamente no modelo final (Fig. 4, p.9, eixo y de cima para baixo): child_age, Child_height, Child_weight, Region, Children_anemia_level, Birth_interval, partner_Occupation, Birth_child_size, Birth_order, Partner_education_level, Religion, Wealth_index, Antenatal_visits, mother_BMI, Child_sex, Drinking_water_source, Breastfeeding_Duration, Residence_place;Fig. 4 (grafico 'Feature Importance Scores from Random Forest'), p.9;"A lista da planilha omite Child_sex e Antenatal_visits (esta ultima destacada pelo artigo como contribuicao diferencial na p.3: 'incorporating more specific determinants such as birth interval and antenatal care visits'), e inclui 'maternal education' e 'toilet facility', que nao aparecem entre as 18 do modelo final da Fig. 4 (toilet facility consta como candidata no pre-processamento p.3; maternal education so aparece no texto da Discussao p.7-p.8, contradizendo a Fig. 4).";alta;;
AA_58;baixa;C_preditores;215;Predictor Types;lista com 19 variaveis (crianca / materna / domicilio-ambiente), incluindo altura materna;faltam na lista 5 features que o modelo de fato usou: IMC materno (Mothers_BMI), televisao, radio, numero de nascimentos nos ultimos 5 anos, parasitose intestinal;Fig. 4, p.9 (rotulos do eixo Y) vs Table 1, p.5;A lista de tipos de preditores reproduz a Table 1 e nao inclui as variaveis extras que aparecem no ranking de importancia.;alta;;
AA_58;baixa;E_validacao;215;Internal Validation (study);Early stopping monitored on the validation set.;"o artigo define early stopping de forma generica (paragrafo didatico) e nao afirma te-lo aplicado; a Fig. 2 mostra as 100 epocas completas, sem interrupcao";"Methods 'Model training and evaluation', p.6-7 — 'Early stopping is a strategy in which the model's performance is evaluated on a distinct dataset called the validation set...'; Fig. 2, p.8 — eixo X vai de 0 a 100 epocas sem corte";Afirmar que houve early stopping monitorado vai um passo alem do que o texto sustenta.;alta;;
AA_59;baixa;A_identificacao;todas (216-227);N (sample)_raw;7,796 (stunting);"8.759 criancas menores de cinco anos elegiveis para medida antropometrica; 7.796 / 7.777 / 7.838 sao os N APOS exclusoes (stunting / wasting / underweight)";Methods 2.1, p.3 - 'a total of 8,759 children under the age of five were identified as eligible for anthropometric measurement. Finally, excluding refused, don't know, flagged cases, and others (technical problems), a total of 7,796 stunting, 7,777 wasting, and 7,838 underweight cases were incorporated for analysis';"O campo N (sample) recebeu o N pos-exclusoes, duplicando N (analysis) e perdendo a distincao total x analitico; o 8.759 aparece so no campo Inclusion/Exclusion.";alta;;
AA_59;baixa;F_desempenho;todas (216-227);Precision / Recall (Sensitivity) / F1-Score - convencao (classe positiva x macro x ponderada);valores copiados da Table 4 sem qualificar a convencao (planilha traz Recall como 'Recall (Sensitivity)', ou seja, le como classe positiva);NAO DECLARADO pelo artigo - a Section 2.10 so diz que accuracy, precision, recall e F-score foram calculados 'based on the confusion matrix via four measurements: TP, FN, FP, TN' no testing set, sem dizer se e classe positiva, macro ou ponderada;"Methods 2.10, p.8; Table 4, p.15; Figs 5-7, pp.16-18; prevalencias em Table 3, p.9";Item registrado como CAVEAT, nao como erro de extracao: a copia da Table 4 esta fiel, mas os valores nao se reconciliam com nenhuma convencao (ver campo obs), logo tratar Recall como sensibilidade da classe positiva nao tem respaldo no artigo.;alta;;
AA_60;baixa;I_obs;230;Notes (rastreamento da inconsistencia 0.765 vs 0.767);"""Table 4 and Results/Discussion body report 0.767 (0.714-0.819), while Abstract and Discussion conclusion report 0.765 with the SAME 95% CI""";"0.765 aparece no Abstract (p.1), no corpo dos Results secao 3.4 (p.10) e na conclusao da Discussion (p.14); 0.767 aparece apenas na Table 4 (p.11) e no primeiro paragrafo da Discussion (p.13)";"Results §3.4, p.10 — 'XGBoost, under the LASSO FS method, provided the best prediction performance (AUC: 0.765; 95% CI: 0.714-0.819)'; Table 4, p.11 — linha LASSO/XGBoost, coluna AUC = 0.767 (0.714-0.819); Discussion §4, p.13 — 'LASSO-XGBoost ... (AUC: 0.767, 95% CI: 0.714-0.819)'; Discussion, p.14 — '(AUC: 0.765; 95% CI: 0.714-0.819)'";"A nota atribui 0.767 ao texto dos Results, mas o texto dos Results traz 0.765; o valor extraido (0.767) continua correto porque vem da Table 4 e do inicio da Discussion, ambos fontes validas fora do abstract.";alta;;
AA_61;baixa;A_identificacao;232;N (sample)_raw;3,814;"4052 (total de criancas <5 anos na RDHS 2019-2020); 3814 e o N apos exclusao dos sem antropometria";Methods, 'Study Design and Source of Data', p.2 — 'a secondary data analysis of the RDHS 2019-2020, which included a total of 4052 children under the age of 5. Height and weight measurements were obtained from 3814 eligible children';"A planilha coloca o N analitico (3814) tambem no campo de N amostral; o N total do inquerito era 4052, valor que so aparece nos campos de texto Inclusion/Exclusion e Missing Data.";alta;;
AA_61;baixa;derivado_pelo_notebook;232;antropometria_preditores;True;"True apenas em sentido amplo; False para antropometria do proprio desfecho";"Table 1, p.3 — preditores antropometricos = Birthweight (peso ao nascer, kg), Size of a child (tamanho ao nascer, relato), Mother_height (cm), Mothers_BMI; nenhuma medida de altura/HAZ atual da crianca";"Ha antropometria entre os preditores, mas e peso/tamanho ao NASCER (crianca) e altura/IMC da MAE; a medida que define o desfecho (altura-para-idade atual) nao e usada como preditor.";alta;;
AA_62;baixa;C_preditores;;Predictor Types;child characteristics (age, gender, birth interval), maternal sociodemographic (age, education, employment, parity), household/socioeconomic (wealth index, region, household composition, sleeping rooms, toilet type/shared toilet), feeding practices;alem dessas familias, a lista de 58 features inclui morbidade da crianca (diarrecent), suplementacao de micronutrientes da crianca (vita6mokid_yes, ironsupkid_yes), estado civil materno (ms_currentlymarri / ms_formerlymarri / ms_nevermarri), alfabetizacao (lit_ye / lit_no / lit_partial), religiao (religion_catholic / protest / muslim / other), conta bancaria (bankacc_yes) e caracteristicas do chefe do domicilio (age_hh, hhead_male);"Fig. 2, p.4 (rotulos das 58 barras, lidos em render de alta resolucao); Methods 2.2, p.3";A lista de tipos de preditor da planilha esta incompleta: omite morbidade infantil, suplementacao, estado civil, alfabetizacao, religiao e inclusao financeira, todas presentes entre as 58 candidatas.;alta;;
AA_63;baixa;E_validacao;243;Internal Validation (study);... geographic external validation (separate test datasets from TWO different regional sites of the health system) ... (celula chegou truncada com reticencias nas duas pontas no JSON de auditoria);"Validacao interna do artigo: split 80:20 treino/teste sobre a coorte inteira, com 5% do treino como conjunto de validacao para fixar o melhor modelo; desempenho reportado exclusivamente no conjunto de teste; ICs da classificacao por 100 replicatas bootstrap; regressao por conformal prediction. NAO ha k-fold CV.";Apendice B, p.14;"O trecho visivel do campo 'Internal Validation' descreve a validacao GEOGRAFICA (externa), nao a interna; nao consigo conferir o resto da celula porque veio truncada — registro aqui o que o artigo efetivamente diz sobre validacao interna para conferencia na planilha.";alta;;
AA_63;baixa;D_modelo;243;Best Model?;Yes;"O artigo avalia UM unico modelo e nao apresenta tabela de comparacao com baselines; a comparacao com baselines e atribuida a trabalhos anteriores do grupo ('discriminative performance checking (including comparison to other baselines) ... (Gupta et al. 2024a, 2022a, 2021)', p.6)";"Sec. 3.2, p.6; Tabelas 1 (p.8) e 4 (p.17) sem coluna de algoritmo comparador";'Yes' e verdadeiro por vacuidade (unico modelo), nao por declaracao do artigo de que este modelo superou alternativas.;alta;;
